1,guide_Image/DayID1_1.jpg,1
2,guide_Image/DayID1_2.jpg,1
3,guide_Image/DayID2_1.png,2
4,guide_Image/DayID2_2.jpg,2
5,guide_Image/DayID3_1.jpg,3
6,guide_Image/DayID3_2.jpg,3
7,guide_Image/DayID3_3.jpg,3
8,guide_Image/DayID3_4.jpg,3
9,guide_Image/DayID4_1.jpg,4
10,guide_Image/DayID4_2.jpg,4
11,guide_Image/DayID4_3.jpg,4
12,guide_Image/DayID6_1.jpg,6
13,guide_Image/DayID6_2.jpg,6
14,guide_Image/DayID7_1.jpg,7
15,guide_Image/DayID7_2.jpg,7
16,guide_Image/DayID7_3.jpg,7
17,guide_Image/DayID8_1.jpg,8
18,guide_Image/DayID8_2.jpg,8
19,guide_Image/DayID9_1.jpg,9
20,guide_Image/DayID9_2.jpg,9
21,guide_Image/DayID10_1.jpg,10
22,guide_Image/DayID10_2.jpg,10
23,guide_Image/DayID10_3.jpg,10
24,guide_Image/DayID11_1.jpg,11
25,guide_Image/DayID11_2.jpg,11
26,guide_Image/DayID12_1.jpg,12
27,guide_Image/DayID12_2.jpg,12
28,guide_Image/DayID13_1.jpg,13
29,guide_Image/DayID13_2.jpg,13
30,guide_Image/DayID14_1.jpg,14
31,guide_Image/DayID14_2.jpg,14
32,guide_Image/DayID15_1.jpg,15
33,guide_Image/DayID15_2.jpg,15
34,guide_Image/DayID15_3.jpg,15
35,guide_Image/DayID16_1.jpg,16
36,guide_Image/DayID16_2.jpg,16
37,guide_Image/DayID17_1.jpg,17
38,guide_Image/DayID18_1.jpg,18
39,guide_Image/DayID18_2.jpg,18
40,guide_Image/DayID18_3.jpg,18
41,guide_Image/DayID19_1.jpg,19
42,guide_Image/DayID19_2.jpg,19
43,guide_Image/DayID20_1.jpg,20
44,guide_Image/DayID20_2.jpg,20